
{
    "comment" : "This file is used to help set default values when using the dotnet CLI extension Amazon.ElasticBeanstalk.Tools. For more information run \"dotnet eb --help\" from the project root.",
    "profile" : "Packt",
    "region"  : "eu-west-2",
    "application" : "LittlePackt",
    "environment" : "Littlepackt-env",
    "cname"       : "littlepacktbookstore-prod",
    "solution-stack" : "64bit Windows Server 2016 v1.2.0 running IIS 10.0",
    "environment-type" : "SingleInstance",
    "instance-profile" : "aws-elasticbeanstalk-ec2-role",
    "service-role"     : "aws-elasticbeanstalk-service-role",
    "health-check-url" : "/",
    "instance-type"    : "t2.micro",
    "key-pair"         : "packt",
    "iis-website"      : "Default Web Site",
    "app-path"         : "/",
    "enable-xray"      : false
}