<?xml version="1.0"?>
<doc>
    <assembly>
        <name>LittlePacktBookstore</name>
    </assembly>
    <members>
        <member name="T:LittlePacktBookstore.Controllers.BookController">
            <summary>
            Book Controller.
            </summary>
        </member>
        <member name="M:LittlePacktBookstore.Controllers.BookController.#ctor(LittlePacktBookstore.Services.IRepository{LittlePacktBookstore.Models.Book},Microsoft.Extensions.Logging.ILogger{LittlePacktBookstore.Controllers.BookController})">
            <summary>
            Constructor for the book controller.
            </summary>
            <param name="bookRepository">DI injected Book Repository</param>
            <param name="logger">DI injected logger</param>
        </member>
        <member name="M:LittlePacktBookstore.Controllers.BookController.Get">
            <summary>
            This returns all the books.
            </summary>
            <returns>IEnumerable of books</returns>
        </member>
        <member name="M:LittlePacktBookstore.Controllers.BookController.Get(System.Int32)">
            <summary>
            This method returns one book
            </summary>
            <param name="id">Id of the book.</param>
            <returns>A book.</returns>
        </member>
        <member name="M:LittlePacktBookstore.Controllers.BookController.Post(LittlePacktBookstore.Models.Book)">
            <summary>
            The post method for adding a book
            </summary>
            <param name="book">Type of Book</param>
            <returns>Created on success or appropriate code otherwise.</returns>
        </member>
        <member name="M:LittlePacktBookstore.Controllers.BookController.Put(LittlePacktBookstore.Models.Book)">
            <summary>
            Put method to edit an existing book.
            </summary>
            <param name="book">Recieves Book.</param>
            <returns>Appropriate Http code.</returns>
        </member>
        <member name="M:LittlePacktBookstore.Controllers.BookController.Delete(System.Int32)">
            <summary>
            Deletes an existing book.
            </summary>
            <param name="id">Id of the book to be deleted.</param>
            <returns>Appropriate HTTP code.</returns>
        </member>
    </members>
</doc>
